Chin Chin,/biz/chin-chin-melbourne-2
Lucy Liu Kitchen and Bar,/biz/lucy-liu-kitchen-and-bar-melbourne-2
The Kettle Black,/biz/the-kettle-black-south-melbourne
Hardware Societe,/biz/hardware-societe-melbourne
The Meat & Wine Co,/biz/the-meat-and-wine-co-melbourne-2
Tipo 00,/biz/tipo-00-melbourne-2
Miss Katie’s Crab Shack,/biz/miss-katies-crab-shack-melbourne-2
Arbory Bar & Eatery,/biz/arbory-bar-and-eatery-melbourne
Cumulus,/biz/cumulus-melbourne-3
Bowery to Williamsburg,/biz/bowery-to-williamsburg-melbourne-2
Red Emperor,/biz/red-emperor-southbank-2
Supernormal,/biz/supernormal-melbourne
Huxtaburger,/biz/huxtaburger-melbourne-2
Classico,/biz/classico-melbourne
Bomba,/biz/bomba-melbourne
Captain Melville,/biz/captain-melville-melbourne
MoVida,/biz/movida-melbourne-6
Attica,/biz/attica-ripponlea-2
The Olive Tree,/biz/the-olive-tree-south-melbourne
Jardin Tan,/biz/jardin-tan-melbourne
Queenie’s,/biz/queenies-southbank
La Tortilleria,/biz/la-tortilleria-kensington
Not All There,/biz/not-all-there-south-melbourne-2
Naked for Satan,/biz/naked-for-satan-fitzroy-6
Garçon,/biz/gar%C3%A7on-melbourne
Il Solito Posto,/biz/il-solito-posto-melbourne
Ayam Chef,/biz/ayam-chef-southbank
Peko Peko,/biz/peko-peko-south-melbourne
Dish Restaurant,/biz/dish-restaurant-melbourne-3
Meatmaiden,/biz/meatmaiden-melbourne
Operator25,/biz/operator25-melbourne
Waterfront Southgate,/biz/waterfront-southgate-melbourne
Gypsy & Pig,/biz/gypsy-and-pig-melbourne
Blondie,/biz/blondie-southbank
Coda Bar & Restaurant,/biz/coda-bar-and-restaurant-melbourne-3
Purple Peanuts Japanese Cafe,/biz/purple-peanuts-japanese-cafe-melbourne-2
Riverland Bar,/biz/riverland-bar-melbourne-2
Eau De Vie,/biz/eau-de-vie-melbourne
The Original Cafe,/biz/the-original-cafe-south-melbourne
Rice Paper Scissors,/biz/rice-paper-scissors-fitzroy-2
Brick Lane,/biz/brick-lane-melbourne-2
Banoi,/biz/banoi-docklands
Dee Casa,/biz/dee-casa-southbank
Trattoria Emilia,/biz/trattoria-emilia-melbourne-2
The Grain Store,/biz/the-grain-store-melbourne
Nara Thai,/biz/nara-thai-south-melbourne
Etto,/biz/etto-south-melbourne-2
Saporito Taquito,/biz/saporito-taquito-southbank
Tempura Hajime,/biz/tempura-hajime-south-melbourne
Tahini Lebanese Diner,/biz/tahini-lebanese-diner-melbourne
Downstairs Bistro & Lounge,/biz/downstairs-bistro-and-lounge-melbourne
Criniti’s Southbank,/biz/crinitis-southbank-southbank
Mamasita,/biz/mamasita-melbourne-2
Mama Rumaan,/biz/mama-rumaan-docklands
Pho Vietnam,/biz/pho-vietnam-south-melbourne
Royal Stacks,/biz/royal-stacks-melbourne
Entrecôte,/biz/entrec%C3%B4te-south-yarra-2
Story So Far,/biz/story-so-far-melbourne
The Boatbuilders Yard,/biz/the-boatbuilders-yard-south-wharf-3
Rare Steakhouse Downtown,/biz/rare-steakhouse-downtown-melbourne-3
Hopscotch,/biz/hopscotch-southbank-2
Henry and the Fox,/biz/henry-and-the-fox-melbourne
Daughter in Law,/biz/daughter-in-law-melbourne
HWKR,/biz/hwkr-melbourne
Two Birds One Stone,/biz/two-birds-one-stone-south-yarra
My Mexican Cousin,/biz/my-mexican-cousin-no-title
Massi,/biz/massi-melbourne
Lume,/biz/lume-south-melbourne
Shujinko,/biz/shujinko-melbourne
Billys Pantry,/biz/billys-pantry-southbank
Miss Chu,/biz/miss-chu-south-melbourne
MoVida,/biz/movida-melbourne-5
Mr Ramen San,/biz/mr-ramen-san-melbourne
Vue De Monde,/biz/vue-de-monde-melbourne-3
Dinner by Heston Blumenthal,/biz/dinner-by-heston-blumenthal-southbank
Hash Specialty Coffee & Roasters,/biz/hash-specialty-coffee-and-roasters-melbourne-2
Nashi,/biz/nashi-south-melbourne
Stove Monkey,/biz/stove-monkey-south-melbourne
The Deck Restaurant,/biz/the-deck-restaurant-melbourne
Butchers Diner,/biz/butchers-diner-melbourne
Trunk,/biz/trunk-melbourne-2
Hakoya Ramen,/biz/hakoya-ramen-melbourne
Gazi,/biz/gazi-melbourne
The Point,/biz/the-point-albert-park-5
Shanghai Master Dumpling,/biz/shanghai-master-dumpling-melbourne
Asado,/biz/asado-southbank
Delhi Streets,/biz/delhi-streets-melbourne
Poolhouse Coffee,/biz/poolhouse-coffee-melbourne-victoria
Wood ‘n Chimney,/biz/wood-n-chimney-south-melbourne
Persimmon,/biz/persimmon-melbourne
Thai Deli,/biz/thai-deli-south-melbourne
A Hereford Beefstouw,/biz/a-hereford-beefstouw-melbourne
Miyako Japanese Cuisine,/biz/miyako-japanese-cuisine-melbourne
Universal Restaurant,/biz/universal-restaurant-carlton
Café Rosco,/biz/caf%C3%A9-rosco-south-yarra-2
Squires Loft Docklands,/biz/squires-loft-docklands-docklands-2
Nobu,/biz/nobu-southbank-5
Cecconi’s Flinders Lane,/biz/cecconis-flinders-lane-melbourne-2
Mr Huang Jin,/biz/mr-huang-jin-melbourne-2
The Barre,/biz/the-barre-melbourne
Jing Jai Thai,/biz/jing-jai-thai-melbourne
Hell’s Kitchen,/biz/hells-kitchen-melbourne-4
Hunter’s Kitchen & Bar,/biz/hunters-kitchen-and-bar-melbourne
Bedi’s Indian Restaurant,/biz/bedis-indian-restaurant-south-melbourne-3
Ponyfish Island,/biz/ponyfish-island-melbourne-3
Soul Kitchen Woodfired Pizza Truck,/biz/soul-kitchen-woodfired-pizza-truck-melbourne
The Yard,/biz/the-yard-south-melbourne
The Quarter,/biz/the-quarter-melbourne
Honey Bar and Restaurant,/biz/honey-bar-and-restaurant-south-melbourne-2
Atlas Dining,/biz/atlas-dining-south-yarra
Ichi Ichi Ku Izakaya,/biz/ichi-ichi-ku-izakaya-south-yarra
Sparrow’s Philly Cheesesteaks,/biz/sparrows-philly-cheesesteaks-fitzroy
Akachochin,/biz/akachochin-south-wharf-2
Saint & Rogue,/biz/saint-and-rogue-melbourne
Korean Table,/biz/korean-table-melbourne
Bellota,/biz/bellota-south-melbourne
Kass Kass,/biz/kass-kass-melbourne
Cutler & Co.,/biz/cutler-and-co-fitzroy
Coppersmith Bar & Bistro,/biz/coppersmith-bar-and-bistro-south-melbourne
Laksa House,/biz/laksa-house-melbourne-3
Gochi,/biz/gochi-southbank
Sakura,/biz/sakura-docklands
Ho Chi Mama,/biz/ho-chi-mama-melbourne
Little Collins St Kitchen,/biz/little-collins-st-kitchen-melbourne
Cargo,/biz/cargo-docklands
Sake Restaurant & Bar,/biz/sake-restaurant-and-bar-melbourne-2
Don Don Australia,/biz/don-don-australia-south-melbourne
Mao Please!!!,/biz/mao-please-melbourne
8 Miles Cafe & Convenience Store,/biz/8-miles-cafe-and-convenience-store-southbank
Little Flinders,/biz/little-flinders-melbourne
Ayam Chef,/biz/ayam-chef-melbourne
French Saloon,/biz/french-saloon-melbourne
Claypots Seafood Bar,/biz/claypots-seafood-bar-st-kilda-2
Orient East,/biz/orient-east-melbourne
The Workers’ Food Room,/biz/the-workers-food-room-melbourne
Melina On Rooftop,/biz/melina-on-rooftop-melbourne
Bar Americano,/biz/bar-americano-melbourne
Maha,/biz/maha-melbourne-2
Dragon Hot Pot,/biz/dragon-hot-pot-melbourne
El Coco,/biz/el-coco-melbourne
Bobbie Peels,/biz/bobbie-peels-north-melbourne
Byblos Bar & Restaurant,/biz/byblos-bar-and-restaurant-melbourne
Mama Tran,/biz/mama-tran-south-melbourne
Berth,/biz/berth-docklands
Soprano’s Bar & Pizzeria,/biz/sopranos-bar-and-pizzeria-melbourne
Hana,/biz/hana-melbourne
Cafe Saporo,/biz/cafe-saporo-melbourne
Seven Seeds,/biz/seven-seeds-carlton
The Piano Thai Restaurant and Bar,/biz/the-piano-thai-restaurant-and-bar-richmond
Ten Years Cafe,/biz/ten-years-cafe-southbank
Longrain Restaurant,/biz/longrain-restaurant-melbourne-2
Guhng - the Palace,/biz/guhng-the-palace-melbourne
Teatro Southbank,/biz/teatro-southbank-melbourne-2
Pink Flake,/biz/pink-flake-st-kilda
Kinfolk,/biz/kinfolk-melbourne
Ocean 12,/biz/ocean-12-southbank
Wagyu Ya,/biz/wagyu-ya-south-yarra-2
Di Stasio Citta,/biz/di-stasio-citta-melbourne
Ciel Café,/biz/ciel-caf%C3%A9-southbank
The Trust,/biz/the-trust-melbourne
Hophaus Bier Bar Grill,/biz/hophaus-bier-bar-grill-melbourne
Mr Wow’s Emporium,/biz/mr-wows-emporium-fitzroy-3
Laneway Greens,/biz/laneway-greens-melbourne
Borsch Vodka & Tears,/biz/borsch-vodka-and-tears-windsor
Mock Turtle,/biz/mock-turtle-melbourne
Sam Sam,/biz/sam-sam-melbourne
China Chilli,/biz/china-chilli-melbourne-2
VPR Vietnamese Street Food,/biz/vpr-vietnamese-street-food-no-title
Japanese Teppanyaki Inn,/biz/japanese-teppanyaki-inn-melbourne-2
Mason Dixon,/biz/mason-dixon-melbourne-3
Little Temperance,/biz/little-temperance-melbourne
Shanghai Street Dumpling,/biz/shanghai-street-dumpling-melbourne-2
South Melbourne Seafood Peddler,/biz/south-melbourne-seafood-peddler-south-melbourne
Pure South,/biz/pure-south-melbourne
Saporito,/biz/saporito-southbank
Philippe,/biz/philippe-melbourne
Grab A Yabby,/biz/grab-a-yabby-melbourne
Kisumé,/biz/kisum%C3%A9-melbourne
Lupino,/biz/lupino-melbourne-2
Aunty Franklee,/biz/aunty-franklee-melbourne
Belles Hot Chicken,/biz/belles-hot-chicken-fitzroy
Park Street Pasta & Wine,/biz/park-street-pasta-and-wine-south-melbourne-2
Cafe Batavia,/biz/cafe-batavia-melbourne
The Left-Handed Chef,/biz/the-left-handed-chef-south-melbourne
Ciao Cielo,/biz/ciao-cielo-port-melbourne
Ikkoryu Fukuoka Ramen,/biz/ikkoryu-fukuoka-ramen-melbourne
Rosco’s at Chevron Cafe Bar,/biz/roscos-at-chevron-cafe-bar-melbourne
Uncle Jung’s,/biz/uncle-jungs-melbourne-cbd
Platform 28,/biz/platform-28-docklands-2
Parklife Melbourne,/biz/parklife-melbourne-melbourne
Rooftop Bar,/biz/rooftop-bar-melbourne-5
Anchovy,/biz/anchovy-melbourne
De Mad Hatter,/biz/de-mad-hatter-docklands
The Melbourne Supper Club,/biz/the-melbourne-supper-club-melbourne-4
The Meatball & Wine Bar,/biz/the-meatball-and-wine-bar-melbourne
Cookie,/biz/cookie-melbourne-3
Queen of Hearts Cafe,/biz/queen-of-hearts-cafe-no-title
Mrs Parma’s,/biz/mrs-parmas-melbourne
Sandbar Beach Cafe,/biz/sandbar-beach-cafe-middle-park
Vlado’s,/biz/vlados-richmond
Charcoal Lane,/biz/charcoal-lane-fitzroy
Salt Seafood And Burger Bar,/biz/salt-seafood-and-burger-bar-north-melbourne
Hello José,/biz/hello-jos%C3%A9-west-melbourne-2
Pascale Bar & Grill,/biz/pascale-bar-and-grill-melbourne
Ziggy’s Eatery - South Melbourne,/biz/ziggys-eatery-south-melbourne-south-melbourne
The Atlantic,/biz/the-atlantic-melbourne
Lygon Charcoal Grill & Steakhouse Restaurant,/biz/lygon-charcoal-grill-and-steakhouse-restaurant-carlton-3
St Ali,/biz/st-ali-south-melbourne
Gepetto’s Trattoria,/biz/gepettos-trattoria-east-melbourne
Tower Sushi,/biz/tower-sushi-melbourne-3
Izakaya Den,/biz/izakaya-den-melbourne
The Wharf Hotel,/biz/the-wharf-hotel-melbourne-2
Boilermaker House,/biz/boilermaker-house-melbourne
Shou Sumiyaki,/biz/shou-sumiyaki-melbourne-2
Red Door Corner Store,/biz/red-door-corner-store-northcote
Little Ramen Bar,/biz/little-ramen-bar-melbourne
The Common Man,/biz/the-common-man-melbourne
The Moat,/biz/the-moat-melbourne
Mezmez,/biz/mezmez-williamstown
August Cafe & Restaurant,/biz/august-cafe-and-restaurant-south-melbourne
Ichi Ni Nana Izakaya,/biz/ichi-ni-nana-izakaya-fitzroy
Little Bridge Cafe,/biz/little-bridge-cafe-richmond
Squires Loft,/biz/squires-loft-melbourne-3
Signature Pho Viet,/biz/signature-pho-viet-south-wharf
Seedling Cafe,/biz/seedling-cafe-melbourne-2
Burma Lane,/biz/burma-lane-melbourne
Il Duca,/biz/il-duca-east-melbourne
Cucinetta,/biz/cucinetta-melbourne
Simply Spanish,/biz/simply-spanish-south-melbourne-2
Happy Kappa,/biz/happy-kappa-richmond
